Sector,Ticker
NIFTY BANK,CANBK
NIFTY BANK,PNB
NIFTY BANK,IDFCFIRSTB
NIFTY BANK,INDUSINDBK
NIFTY BANK,SBIN
NIFTY BANK,BANKBARODA
NIFTY BANK,AUBANK
NIFTY BANK,HDFCBANK
NIFTY BANK,FEDERALBNK
NIFTY BANK,ICICIBANK
NIFTY BANK,KOTAKBANK
NIFTY BANK,AXISBANK
NIFTY AUTO,MOTHERSON
NIFTY AUTO,TVSMOTOR
NIFTY AUTO,TMPV
NIFTY AUTO,EXIDEIND
NIFTY AUTO,HEROMOTOCO
NIFTY AUTO,BHARATFORG
NIFTY AUTO,MARUTI
NIFTY AUTO,BOSCHLTD
NIFTY AUTO,BAJAJ-AUTO
NIFTY AUTO,MRF
NIFTY AUTO,EICHERMOT
NIFTY AUTO,ASHOKLEY
NIFTY AUTO,APOLLOTYRE
NIFTY AUTO,BALKRISIND
NIFTY AUTO,M&M
NIFTY ENERGY,SJVN
NIFTY ENERGY,ABB
NIFTY ENERGY,GSPL
NIFTY ENERGY,CGPOWER
NIFTY ENERGY,SIEMENS
NIFTY ENERGY,BPCL
NIFTY ENERGY,RELIANCE
NIFTY ENERGY,COALINDIA
NIFTY ENERGY,MGL
NIFTY ENERGY,GUJGASLTD
NIFTY ENERGY,IGL
NIFTY ENERGY,POWERGRID
NIFTY ENERGY,NHPC
NIFTY ENERGY,BHEL
NIFTY ENERGY,ADANIENSOL
NIFTY ENERGY,ONGC
NIFTY ENERGY,TATAPOWER
NIFTY ENERGY,NLCINDIA
NIFTY ENERGY,CESC
NIFTY ENERGY,IOC
NIFTY ENERGY,OIL
NIFTY ENERGY,ADANIGREEN
NIFTY ENERGY,CASTROLIND
NIFTY ENERGY,INOXWIND
NIFTY ENERGY,GAIL
NIFTY ENERGY,JPPOWER
NIFTY ENERGY,HINDPETRO
NIFTY ENERGY,SUZLON
NIFTY ENERGY,NTPC
NIFTY ENERGY,ATGL
NIFTY ENERGY,JSWENERGY
NIFTY ENERGY,TORNTPOWER
NIFTY ENERGY,POWERINDIA
NIFTY ENERGY,PETRONET
NIFTY ENERGY,SCHNEIDER
NIFTY ENERGY,GVT&D
NIFTY ENERGY,THERMAX
NIFTY ENERGY,ADANIPOWER
NIFTY ENERGY,TRITURBINE
NIFTY ENERGY,AEGISLOG
NIFTY FINANCIAL SERVICES,ICICIGI
NIFTY FINANCIAL SERVICES,SBILIFE
NIFTY FINANCIAL SERVICES,HDFCLIFE
NIFTY FINANCIAL SERVICES,SBIN
NIFTY FINANCIAL SERVICES,LICHSGFIN
NIFTY FINANCIAL SERVICES,PFC
NIFTY FINANCIAL SERVICES,RECLTD
NIFTY FINANCIAL SERVICES,ICICIPRULI
NIFTY FINANCIAL SERVICES,BAJAJFINSV
NIFTY FINANCIAL SERVICES,HDFCBANK
NIFTY FINANCIAL SERVICES,MCX
NIFTY FINANCIAL SERVICES,BAJFINANCE
NIFTY FINANCIAL SERVICES,HDFCAMC
NIFTY FINANCIAL SERVICES,MUTHOOTFIN
NIFTY FINANCIAL SERVICES,SBICARD
NIFTY FINANCIAL SERVICES,CHOLAFIN
NIFTY FINANCIAL SERVICES,ICICIBANK
NIFTY FINANCIAL SERVICES,KOTAKBANK
NIFTY FINANCIAL SERVICES,SHRIRAMFIN
NIFTY FINANCIAL SERVICES,AXISBANK
NIFTY FMCG,RADICO
NIFTY FMCG,GODREJCP
NIFTY FMCG,NESTLEIND
NIFTY FMCG,MARICO
NIFTY FMCG,ITC
NIFTY FMCG,TATACONSUM
NIFTY FMCG,COLPAL
NIFTY FMCG,BALRAMCHIN
NIFTY FMCG,DABUR
NIFTY FMCG,UBL
NIFTY FMCG,UNITDSPR
NIFTY FMCG,HINDUNILVR
NIFTY FMCG,PGHH
NIFTY FMCG,BRITANNIA
NIFTY FMCG,VBL
NIFTY IT,LTTS
NIFTY IT,HCLTECH
NIFTY IT,TCS
NIFTY IT,MPHASIS
NIFTY IT,COFORGE
NIFTY IT,LTIM
NIFTY IT,PERSISTENT
NIFTY IT,TECHM
NIFTY IT,WIPRO
NIFTY IT,INFY
NIFTY MEDIA,NAZARA
NIFTY MEDIA,DEN
NIFTY MEDIA,PVRINOX
NIFTY MEDIA,SAREGAMA
NIFTY MEDIA,HATHWAY
NIFTY MEDIA,SUNTV
NIFTY MEDIA,DISHTV
NIFTY MEDIA,NETWORK18
NIFTY MEDIA,ZEEL
NIFTY MEDIA,TIPSMUSIC
NIFTY METAL,HINDCOPPER
NIFTY METAL,NATIONALUM
NIFTY METAL,HINDALCO
NIFTY METAL,TATASTEEL
NIFTY METAL,NMDC
NIFTY METAL,APLAPOLLO
NIFTY METAL,WELCORP
NIFTY METAL,JSL
NIFTY METAL,SAIL
NIFTY METAL,VEDL
NIFTY METAL,JINDALSTEL
NIFTY METAL,HINDZINC
NIFTY METAL,JSWSTEEL
NIFTY METAL,ADANIENT
NIFTY METAL,RATNAMANI
NIFTY PHARMA,ABBOTINDIA
NIFTY PHARMA,MANKIND
NIFTY PHARMA,LAURUSLABS
NIFTY PHARMA,AUROPHARMA
NIFTY PHARMA,SUNPHARMA
NIFTY PHARMA,ALKEM
NIFTY PHARMA,LUPIN
NIFTY PHARMA,DRREDDY
NIFTY PHARMA,ZYDUSLIFE
NIFTY PHARMA,GLAND
NIFTY PHARMA,GLENMARK
NIFTY PHARMA,TORNTPHARM
NIFTY PHARMA,CIPLA
NIFTY PHARMA,BIOCON
NIFTY PHARMA,DIVISLAB
NIFTY PHARMA,GRANULES
NIFTY PHARMA,NATCOPHARM
NIFTY PHARMA,AJANTPHARM
NIFTY PHARMA,IPCALAB
NIFTY PHARMA,JBCHEPHARM
NIFTY PSU BANK,CENTRALBK
NIFTY PSU BANK,CANBK
NIFTY PSU BANK,BANKINDIA
NIFTY PSU BANK,UCOBANK
NIFTY PSU BANK,IOB
NIFTY PSU BANK,PNB
NIFTY PSU BANK,SBIN
NIFTY PSU BANK,BANKBARODA
NIFTY PSU BANK,PSB
NIFTY PSU BANK,INDIANB
NIFTY PSU BANK,MAHABANK
NIFTY PSU BANK,UNIONBANK
NIFTY REALTY,LODHA
NIFTY REALTY,GODREJPROP
NIFTY REALTY,PRESTIGE
NIFTY REALTY,DLF
NIFTY REALTY,OBEROIRLTY
NIFTY REALTY,SOBHA
NIFTY REALTY,RAYMOND
NIFTY REALTY,MAHLIFE
NIFTY REALTY,PHOENIXLTD
NIFTY REALTY,BRIGADE
NIFTY CONSUMER DURABLES,CENTURYPLY
NIFTY CONSUMER DURABLES,DIXON
NIFTY CONSUMER DURABLES,TITAN
NIFTY CONSUMER DURABLES,HAVELLS
NIFTY CONSUMER DURABLES,CROMPTON
NIFTY CONSUMER DURABLES,BATAINDIA
NIFTY CONSUMER DURABLES,CERA
NIFTY CONSUMER DURABLES,WHIRLPOOL
NIFTY CONSUMER DURABLES,VOLTAS
NIFTY CONSUMER DURABLES,BLUESTARCO
NIFTY CONSUMER DURABLES,KAJARIACER
NIFTY CONSUMER DURABLES,AMBER
NIFTY CONSUMER DURABLES,RAJESHEXPO
NIFTY CONSUMER DURABLES,VGUARD
NIFTY CONSUMER DURABLES,KALYANKJIL
NIFTY OIL & GAS,GSPL
NIFTY OIL & GAS,BPCL
NIFTY OIL & GAS,RELIANCE
NIFTY OIL & GAS,MGL
NIFTY OIL & GAS,GUJGASLTD
NIFTY OIL & GAS,IGL
NIFTY OIL & GAS,ONGC
NIFTY OIL & GAS,IOC
NIFTY OIL & GAS,OIL
NIFTY OIL & GAS,CASTROLIND
NIFTY OIL & GAS,GAIL
NIFTY OIL & GAS,HINDPETRO
NIFTY OIL & GAS,ATGL
NIFTY OIL & GAS,PETRONET
NIFTY OIL & GAS,AEGISLOG
NIFTY MIDSMALL IT & TELECOM,INDUSTOWER
NIFTY MIDSMALL IT & TELECOM,LTTS
NIFTY MIDSMALL IT & TELECOM,IDEA
NIFTY MIDSMALL IT & TELECOM,HFCL
NIFTY MIDSMALL IT & TELECOM,TEJASNET
NIFTY MIDSMALL IT & TELECOM,TATAELXSI
NIFTY MIDSMALL IT & TELECOM,TATATECH
NIFTY MIDSMALL IT & TELECOM,TANLA
NIFTY MIDSMALL IT & TELECOM,BSOFT
NIFTY MIDSMALL IT & TELECOM,MPHASIS
NIFTY MIDSMALL IT & TELECOM,KPITTECH
NIFTY MIDSMALL IT & TELECOM,CYIENT
NIFTY MIDSMALL IT & TELECOM,TATACOMM
NIFTY MIDSMALL IT & TELECOM,INTELLECT
NIFTY MIDSMALL IT & TELECOM,COFORGE
NIFTY MIDSMALL IT & TELECOM,ZENSARTECH
NIFTY MIDSMALL IT & TELECOM,AFFLE
NIFTY MIDSMALL IT & TELECOM,OFSS
NIFTY MIDSMALL IT & TELECOM,PERSISTENT
NIFTY MIDSMALL IT & TELECOM,SONATSOFTW
